model_name,accuracy,precision,recall,f1_score,tn,fp,fn,tp
rf_a_baseline,0.9768339768339768,0.992084432717678,0.9766233766233766,0.9842931937172776,130,3,9,376
rf_b_feature_engineer,0.8648648648648649,0.9906542056074766,0.825974025974026,0.9008498583569404,130,3,67,318
rf_c_top100,0.9305019305019304,0.991549295774648,0.9142857142857144,0.9513513513513514,130,3,33,352
rf_c_top10,0.9073359073359072,0.9354005167958656,0.9402597402597402,0.9378238341968912,108,25,23,362
rf_c_top200,0.9498069498069498,0.9917808219178084,0.9402597402597402,0.9653333333333334,130,3,23,362
rf_c_top20,0.806949806949807,0.927927927927928,0.8025974025974026,0.8607242339832869,109,24,76,309
rf_c_top50,0.8146718146718147,0.9865319865319864,0.7610389610389611,0.8592375366568915,129,4,92,293
