accuracy,precision,recall,f1_score,tn,fp,fn,tp,model_name
0.9768339768339769,0.9920844327176781,0.9766233766233766,0.9842931937172775,130,3,9,376,rf_a_baseline
