feature,preselection_importance
_exit,0.03678219551039543
_initterm,0.029867827382702078
RESOURCE_Size,0.02797669100983982
MajorImageVersion,0.02750292509653662
LOAD_CONFIG_Size,0.02431413357219689
SizeOfStackReserve,0.021110901538962005
.rsrc,0.02109291986836048
memset,0.020453498196801565
_xcptfilter,0.020224150215171086
exit,0.019186339598011817
