accuracy,precision,recall,f1_score,tn,fp,fn,tp,model_name
0.9305019305019305,0.9915492957746479,0.9142857142857143,0.9513513513513514,130,3,33,352,rf_c_top100
