accuracy,precision,recall,f1_score,tn,fp,fn,tp,model_name
0.8146718146718147,0.9865319865319865,0.7610389610389611,0.8592375366568915,129,4,92,293,rf_c_top50
