accuracy,precision,recall,f1_score,tn,fp,fn,tp,model_name
0.806949806949807,0.9279279279279279,0.8025974025974026,0.8607242339832869,109,24,76,309,rf_c_top20
