accuracy,precision,recall,f1_score,tn,fp,fn,tp,model_name
0.9073359073359073,0.9354005167958657,0.9402597402597402,0.9378238341968912,108,25,23,362,rf_c_top10
