feature,importance
RESOURCE_Size,0.2630931685639398
MajorImageVersion,0.19554116765173502
_initterm,0.1686753929384138
exit,0.12498564930109504
.rsrc,0.08488103673153916
_exit,0.040878503713987956
_xcptfilter,0.04052946370210281
LOAD_CONFIG_Size,0.039862990754679174
memset,0.022855837010515995
SizeOfStackReserve,0.01869678963199125
