accuracy,precision,recall,f1_score,tn,fp,fn,tp,model_name
0.9498069498069498,0.9917808219178083,0.9402597402597402,0.9653333333333334,130,3,23,362,rf_c_top200
